[
    {
        "model": "movies.movie",
        "pk": 1,
        "fields": {
            "title": "Avengers: Endgame",
            "description": "The Avengers assemble once more to reverse Thanos' actions and restore balance to the universe.",
            "price": 19.99,
            "image_url": "https://image.tmdb.org/t/p/original/q6725aR8Zs4IwGMXzZT8aC8lh41.jpg",
            "release_date": "2019-04-26"
        }
    },
    {
        "model": "movies.movie",
        "pk": 2,
        "fields": {
            "title": "Joker",
            "description": "A gritty character study of Arthur Fleck, a man disregarded by society, who becomes the iconic Joker.",
            "price": 19.99,
            "image_url": "https://image.tmdb.org/t/p/original/udDclJoHjfjb8Ekgsd4FDteOkCU.jpg",
            "release_date": "2019-10-04"
        }
    },
    {
        "model": "movies.movie",
        "pk": 3,
        "fields": {
            "title": "Parasite",
            "description": "A poor family schemes to become employed by a wealthy family and infiltrate their household.",
            "price": 19.99,
            "image_url": "https://image.tmdb.org/t/p/original/7IiTTgloJzvGI1TAYymCfbfl3vT.jpg",
            "release_date": "2019-11-08"
        }
    },
    {
        "model": "movies.movie",
        "pk": 4,
        "fields": {
            "title": "Spider-Man: Into the Spider-Verse",
            "description": "Teen Miles Morales becomes Spider-Man of his universe and meets other Spider-People from parallel dimensions.",
            "price": 19.99,
            "image_url": "https://image.tmdb.org/t/p/original/iiZZdoQBEYBv6id8su7ImL0oCbD.jpg",
            "release_date": "2018-12-14"
        }
    },
    {
        "model": "movies.movie",
        "pk": 5,
        "fields": {
            "title": "1917",
            "description": "Two British soldiers are sent on a mission to deliver a message that could save 1,600 men during World War I.",
            "price": 19.99,
            "image_url": "https://image.tmdb.org/t/p/original/iZf0KyrE25z1sage4SYFLCCrMi9.jpg",
            "release_date": "2019-12-25"
        }
    },
    {
        "model": "movies.movie",
        "pk": 6,
        "fields": {
            "title": "Ford v Ferrari",
            "description": "American car designer Carroll Shelby and driver Ken Miles battle corporate interference to build a revolutionary race car.",
            "price": 19.99,
            "image_url": "https://image.tmdb.org/t/p/original/6ApDtO7xaWAfPqfi2IARXIzj8QS.jpg",
            "release_date": "2019-11-15"
        }
    },
    {
        "model": "movies.movie",
        "pk": 7,
        "fields": {
            "title": "Once Upon a Time in Hollywood",
            "description": "A faded television actor and his stunt double strive to achieve fame and success in 1969 Los Angeles.",
            "price": 19.99,
            "image_url": "https://image.tmdb.org/t/p/original/8j58iEBw9pOXFD2L0nt0ZXeHviB.jpg",
            "release_date": "2019-07-26"
        }
    },
    {
        "model": "movies.movie",
        "pk": 8,
        "fields": {
            "title": "Knives Out",
            "description": "A detective investigates the death of a patriarch of an eccentric, combative family.",
            "price": 19.99,
            "image_url": "https://image.tmdb.org/t/p/original/pThyQovXQrw2m0s9x82twj48Jq4.jpg",
            "release_date": "2019-11-27"
        }
    },
    {
        "model": "movies.movie",
        "pk": 9,
        "fields": {
            "title": "Jojo Rabbit",
            "description": "A young boy in Hitler's army finds out his mother is hiding a Jewish girl in their home.",
            "price": 19.99,
            "image_url": "https://image.tmdb.org/t/p/original/7GsM4mtM0worCtIVeiQt28HieeN.jpg",
            "release_date": "2019-11-08"
        }
    },
    {
        "model": "movies.movie",
        "pk": 10,
        "fields": {
            "title": "Little Women",
            "description": "Jo March reflects back and forth on her life, telling the beloved story of the March sisters.",
            "price": 19.99,
            "image_url": "https://image.tmdb.org/t/p/original/yn5ihODtZ7ofn8pDYfxCmxh8AXI.jpg",
            "release_date": "2019-12-25"
        }
    }
]
